﻿<?xml version="1.0" encoding="utf-8"?>
<GingerRepositoryItem><Header ItemGuid="a73c6e8c-30c0-499f-a459-8dd7d46a6291" ItemType="RunSetConfig" CreatedBy="MOHDKHAN" Created="201907171240" GingerVersion="3.3.0.0" Version="3" LastUpdateBy="MOHDKHAN" LastUpdate="201907181031" />
<RunSetConfig Guid="a73c6e8c-30c0-499f-a459-8dd7d46a6291" Name="Default" ParentGuid="00000000-0000-0000-0000-000000000000">
<GingerRunners>
<GingerRunner Guid="7f6b043e-f91d-42b6-8bd1-6f54bccaee0c" Name="Runner 1" ParentGuid="00000000-0000-0000-0000-000000000000" RunOption="ContinueToRunall">
<ApplicationAgents>
<ApplicationAgent AgentName="Chrome" AppName="Test" Guid="73b4dd91-6bf4-4bed-b4c1-3936b7d7497b" ParentGuid="00000000-0000-0000-0000-000000000000" />
</ApplicationAgents>

<BusinessFlowsRunList>
<BusinessFlowRun BusinessFlowGuid="4f041002-2b77-4184-aa24-140719186948" BusinessFlowInstanceGuid="7999359d-792c-4bcc-9c93-635495f34b13" BusinessFlowIsActive="True" BusinessFlowName="Web" Guid="978ea827-2b8a-4703-81ae-ca419f146fde" ParentGuid="00000000-0000-0000-0000-000000000000" />
</BusinessFlowsRunList>
</GingerRunner>
</GingerRunners>
</RunSetConfig></GingerRepositoryItem>