﻿<?xml version="1.0" encoding="utf-8"?>
<GingerRepositoryItem><Header ItemGuid="4f041002-2b77-4184-aa24-140719186948" ItemType="BusinessFlow" CreatedBy="MOHDKHAN" Created="201907180903" GingerVersion="3.3.0.0" Version="9" LastUpdateBy="MOHDKHAN" LastUpdate="201907180937" />
<BusinessFlow Guid="4f041002-2b77-4184-aa24-140719186948" Name="Web" ParentGuid="00000000-0000-0000-0000-000000000000" Source="Ginger" Status="Unknown">
<Activities>
<Activity ActionRunOption="StopActionsRunOnFailure" Active="True" ActivityName="Activity 1" AutomationStatus="Development" ErrorHandlerMappingType="AllAvailableHandlers" Guid="ec997379-d406-4a28-aa7a-461f7899780d" ParentGuid="00000000-0000-0000-0000-000000000000" PercentAutomated="100%" TargetApplication="Test">
<Acts>
<ActBrowserElement Active="True" Description="Browser Action" Guid="b1026bef-4a39-4947-8f8a-069ba3917c57" ImplicitWait="60" MaxNumberOfRetries="2" ParentGuid="00000000-0000-0000-0000-000000000000" Platform="Web" RetryMechanismInterval="5" StatusConverter="None" WaitVE="0" WindowsToCapture="OnlyActiveWindow">
<InputValues>
<ActInputValue Guid="e046975b-1a33-48f7-b482-1e774c4f0471" Param="ControlAction" ParentGuid="00000000-0000-0000-0000-000000000000" StoreToVariable="GotoURL" Value="GotoURL" />
<ActInputValue Guid="4263d806-b6af-42da-89ec-c06b9954e551" Param="LocateBy" ParentGuid="00000000-0000-0000-0000-000000000000" />
<ActInputValue Guid="84daf97a-cb59-4615-8176-35634d110928" Param="LocateValue" ParentGuid="00000000-0000-0000-0000-000000000000" />
<ActInputValue Guid="68457ad1-f70e-40fe-b6c1-2271a71e7e67" Param="Value" ParentGuid="00000000-0000-0000-0000-000000000000" StoreToVariable="http://google.com" Value="http://google.com" />
<ActInputValue Guid="46f7463e-bebc-4c4f-a271-b0aed73c0569" Param="GotoURLType" ParentGuid="00000000-0000-0000-0000-000000000000" StoreToVariable="Current" Value="Current" />
<ActInputValue Guid="1c3a4ff5-522d-4c33-aaeb-3ca00b1373ad" Param="URLSrc" ParentGuid="00000000-0000-0000-0000-000000000000" StoreToVariable="Static" Value="Static" />
</InputValues>
</ActBrowserElement>
</Acts>
</Activity>
</Activities>

<TargetApplications>
<TargetApplication AppName="Test" Guid="bffe2080-9f82-4f6f-b27c-92d97c3b7462" ParentGuid="00000000-0000-0000-0000-000000000000" />
</TargetApplications>
</BusinessFlow></GingerRepositoryItem>